train_number,train_name,train_type,zone,origin_code,origin,destination_code,destination,current_station_code,current_station,next_station_code,next_station,scheduled_arrival,actual_arrival,delay_minutes,latitude,longitude,speed_kmph,distance_covered_km,total_distance_km,stops_done,total_stops,timestamp
01101,Mumbai LTT - Gwalior (Weekly) Special,Exp,CR,LTT,LOKMANYA TILAK TERM,GWL,GWALIOR JN,ATG,ATGAON,KE,KHARDI,17:44:00,17:28:00,7,19.55992,73.37629,29,80.4,1173.3,23,152,2026-09-06T17:45:00+05:30
06501,Yesvantpur - Ahmedabad Garib Rath Special,GR,SWR,YPR,YESVANTPUR JN,ADI,AHMEDABAD JN,SMKT,Somankatti,HLAR,HOLE ALUR,17:48:00,17:42:00,2,15.78654,75.63779,45,548.8,1654.9,71,252,2026-09-06T17:45:00+05:30
06536,Bijapur-Yesvantpur Special,Exp,SWR,BJP,BIJAPUR,YPR,YESVANTPUR JN,IMR,IBRAHIMPUR,HOH,HONAGANAHALLI,17:56:00,17:45:00,1,16.80293,75.71936,69,3.8,686,2,93,2026-09-06T17:45:00+05:30
08043,Kolkata Shalimar-Haridwar Puja Special,Exp,SER,SHM,KOLKATA SHALIMAR,HW,HARIDWAR JN,FLR,PHULESWAR,ULB,ULUBARIA,17:45:00,17:44:00,1,22.47515,88.10463,73,27.6,1616.1,11,237,2026-09-06T17:45:00+05:30
09715,Jaipur Solapur (Weekly) Special,Exp,NWR,JP,JAIPUR,SUR,SOLAPUR JN,DARA,DARA,KIW,KANWALPURA,17:49:00,17:45:00,2,24.83261,76.00578,54,280.9,1680.3,32,197,2026-09-06T17:45:00+05:30
11017,Chalukya Express,Exp,CR,DR,MUMBAI DADAR CENTRAL,YPR,YESVANTPUR JN,RRB,BIRUR JN,DRU,KADUR,17:06:00,17:40:00,42,13.5718,75.9918,57,931.6,1129.8,144,175,2026-09-06T17:45:00+05:30
11027,Mumbai CST-Chennai Mail,Mail,CR,CSTM,MUMBAI CST,MAS,CHENNAI CENTRAL,KGL,KUPGAL,ESV,ISIVI,16:31:00,17:20:00,82,15.67547,77.22708,15,744.2,1240.2,124,204,2026-09-06T17:45:00+05:30
11028,Chennai-Mumbai CST Mail,Mail,CR,MAS,CHENNAI CENTRAL,CSTM,MUMBAI CST,TLT,TILATI,HG,HOTGI,17:41:00,17:36:00,7,17.55014,76.00979,54,790.1,1240.2,114,204,2026-09-06T17:45:00+05:30
11040-Slip,Gondia-Solapur Maharashtra Express Slip,Exp,CR,G,GONDIA JN,SUR,SOLAPUR JN,VNA,VARANGAON,BSL,BHUSAVAL JN,17:50:00,17:16:00,2,21.03977,75.81107,21,507.5,1081.6,61,129,2026-09-06T17:45:00+05:30
11065,MUMBAI LTT - DARBHANGA Pawan Exp,Exp,CR,LTT,LOKMANYA TILAK TERM,DBG,DARBHANGA JN,CSN,CHALISGAON JN,VGL,VAGHLI,17:48:00,17:41:00,3,20.47874,75.01787,76,287.6,1822.6,46,247,2026-09-06T17:45:00+05:30
11123,Barauni-Gwalior Mail,Mail,NCR,BJU,BARAUNI JN,GWL,GWALIOR JN,PIC,PARICHA,GRM,GARHMAU,17:49:00,17:39:00,2,25.51234,78.71284,26,928.3,1040.7,134,146,2026-09-06T17:45:00+05:30
11124,Gwalior Barauni Mail,Mail,NCR,GWL,GWALIOR JN,BJU,BARAUNI JN,BNAR,BINAUR,BZM,BHIMSEN,17:44:00,17:39:00,6,26.41201,80.20022,24,296.3,1040.7,31,146,2026-09-06T17:45:00+05:30
11401,Nandigram Express,Exp,CR,CSTM,MUMBAI CST,NGP,NAGPUR,SHAD,SHAHAD,ABY,AMBIVLI,17:42:00,17:43:00,4,19.25996,73.16734,58,55.8,988.8,28,125,2026-09-06T17:45:00+05:30
12001,Bhopal-New Delhi Shatabdi Express,Shtb,NR,BPL,BHOPAL JN,NDLS,NEW DELHI,BJI,BIJAULI,JHS,JHANSI JN,17:47:00,17:45:00,1,25.37647,78.51775,165,275.9,685.7,35,87,2026-09-06T17:45:00+05:30
12003,Lucknow-NewDelhi Swarn Shatabdi Express,Shtb,NR,LKO,LUCKNOW,NDLS,NEW DELHI,ULD,ACHALDA,GHSR,GHASARA HALT,17:46:00,17:44:00,1,26.70891,79.38986,98,173,508.7,27,74,2026-09-06T17:45:00+05:30
12005,New Delhi-Kalka Shatabdi,Shtb,NR,NDLS,NEW DELHI,KLK,Kalka,HNN,HARANA KALAN,SNP,SONIPAT,17:48:00,17:45:00,1,28.94543,77.03914,80,38.8,259.9,12,43,2026-09-06T17:45:00+05:30
12010,Ahmedabad-Mumbai Central Shatabdi,Shtb,WR,ADI,AHMEDABAD JN,BCT,Mumbai Central,KDSD,KUDSAD,SYN,SAYAN,17:44:00,17:42:00,4,21.34701,72.90338,72,211.6,489.8,39,99,2026-09-06T17:45:00+05:30
12012,Kalka-New Delhi Shatabdi,Shtb,NR,KLK,Kalka,NDLS,NEW DELHI,KLK,Kalka,CNDM,Chandi Mandir,17:57:00,17:46:00,1,30.83767,76.93176,65,0,259.9,1,43,2026-09-06T17:45:00+05:30
12013,New Delhi-Amritsar Shatabdi Express,Shtb,NR,NDLS,NEW DELHI,ASR,AMRITSAR JN,BBDE,BABARPUR,KFU,KOHAND,17:48:00,17:45:00,1,29.44965,76.96618,75,95.8,459.3,21,69,2026-09-06T17:45:00+05:30
12016,Ajmer-New Delhi Shatabdi,Shtb,NR,AII,AJMER JN,NDLS,NEW DELHI,KKU,KANAKPURA,JP,JAIPUR,17:45:00,17:39:00,1,26.92144,75.77487,72,130.6,437.4,18,72,2026-09-06T17:45:00+05:30
12018,Dehradun-New Delhi Shatabdi,Shtb,NR,DDN,DEHRADUN,NDLS,NEW DELHI,DWO,DOIWALA,QSR,KANSRAO,17:39:00,17:36:00,10,30.10838,78.13576,50,25.9,306.6,3,49,2026-09-06T17:45:00+05:30
12020,Ranchi-Howrah Shatabdi Express,Shtb,ER,RNC,RANCHI,HWH,HOWRAH JN,PKA,PRADHANKHUNTA,CAM,CHHOTA AMBANA,17:49:00,17:45:00,1,23.77259,86.51598,73,162.9,409.5,29,81,2026-09-06T17:45:00+05:30
12022,Barbil Howrah Janshatabdi,JShtb,ER,BBN,Barbil,HWH,HOWRAH JN,GTS,GHATSILA,DVM,DALBHUMGARH,17:47:00,17:39:00,1,22.53292,86.52787,77,183.1,385.5,24,69,2026-09-06T17:45:00+05:30
12057,New Delhi-Una Janshatabdi,JShtb,NR,NDLS,NEW DELHI,UHL,Una Himachal,MOY,MOHRI,UMB,AMBALA CANT JN,17:45:00,17:37:00,2,30.32219,76.83158,57,195.6,369.2,35,55,2026-09-06T17:45:00+05:30
12060,Hazarat Nizamuddin-Kota Jan Shatabdi,JShtb,WCR,NZM,DELHI H NIZAMUDDIN,KOTA,KOTA JN,MLZ,MALARNA,MXL,MOKHOLI,17:50:00,17:45:00,2,26.23108,76.53463,92,315.9,450.8,41,56,2026-09-06T17:45:00+05:30
12063,Haridwar Chandigarh Una Link Jan Shatabdi Express,JShtb,NR,HW,HARIDWAR JN,UHL,Una Himachal,DOKY,DUKHERI,UMB,AMBALA CANT JN,17:35:00,17:30:00,2,30.33892,76.82697,63,159,330.7,26,46,2026-09-06T17:45:00+05:30
12068,Jorhat Guwahati Jan Shatabdi,JShtb,NFR,JTTN,Jorhat Town,GHY,GUWAHATI,BRLF,BAR LANGFER S,LMG,LUMDING JN,17:45:00,17:36:00,1,25.75059,93.18145,29,192.2,364.9,26,51,2026-09-06T17:45:00+05:30
12071,Mumbai Aurangabad Jan Shatabdi,JShtb,SCR,CSTM,MUMBAI CST,AWB,AURANGABAD,KBSN,KASBE-SUKENE,NR,NIPHAD,17:45:00,17:43:00,5,20.07924,74.0421,52,190.7,344.8,45,59,2026-09-06T17:45:00+05:30
12080,Hubli Bangalore Janshatabdi,JShtb,SWR,UBL,HUBLI JN,SBC,BANGALORE CITY JN,RRB,BIRUR JN,DRU,KADUR,17:38:00,17:43:00,13,13.5911,75.97475,57,250.5,456.9,30,63,2026-09-06T17:45:00+05:30
12113,Pune-Nagpur Garib Rath Express,GR,CR,PUNE,PUNE JN,NGP,NAGPUR,PUNE,PUNE JN,HDP,HADAPSAR,17:46:00,17:41:00,1,18.52772,73.90959,58,3.9,854,1,100,2026-09-06T17:45:00+05:30
12139,Sevagram Express,SF,CR,CSTM,MUMBAI CST,NGP,NAGPUR,KSRA,KASARA,IGP,IGATPURI,17:43:00,17:21:00,18,19.67431,73.52433,17,117.1,799.6,36,116,2026-09-06T17:45:00+05:30
12201,MUMBAI LTT - KOCHUVELI Garib Rath Exp,GR,SR,LTT,LOKMANYA TILAK TERM,KCVL,KOCHUVELI,NIIJ,NILAJE,TPND,TALOJA PANCHAND,17:50:00,17:42:00,4,19.13602,73.08176,43,31.2,1409.7,12,201,2026-09-06T17:45:00+05:30
12211,Muzaffarpur-Anand Vihar(T) Garib Rath Exp.,GR,ECR,MFP,MUZAFFARPUR JN,ANVT,ANAND VIHAR TRM,KUMB,KUMARBAGH,CAI,CHANPATIA,17:52:00,17:43:00,2,26.88672,84.51505,42,130.5,1059.5,18,154,2026-09-06T17:45:00+05:30
12213,Yeswantpur-Delhi Sarai Rohilla AC Duronto Express,Drnt,NR,YPR,YESVANTPUR JN,DEE,DELHI SARAI ROHILLA,SNKB,SONKHAMB,MER,METPANJRA,17:50:00,17:43:00,1,21.27299,78.709,52,1273.7,2276.8,152,282,2026-09-06T17:45:00+05:30
12235,DIBRUGARH - NEW DELHI Rajdhani Exp,Raj,NR,DBRG,DIBRUGARH,NDLS,NEW DELHI,IMLI,IMLI,SLNA,SALAUNA,17:46:00,17:40:00,1,25.58981,86.27236,58,1255.6,2451.3,158,338,2026-09-06T17:45:00+05:30
12236,NEW DELHI - DIBRUGARH Rajdhani Exp,Raj,NR,NDLS,NEW DELHI,DBRG,DIBRUGARH,LKO,LUCKNOW,UTR,UTRAHTIA,17:47:00,17:26:00,1,26.77996,80.96185,45,511.7,2442.5,79,337,2026-09-06T17:45:00+05:30
12246,YESVANTPUR - HOWRAH AC Duronto Exp,Drnt,SER,YPR,YESVANTPUR JN,HWH,HOWRAH JN,VDD,VENDODU,KQA,KONDAGUNTA,17:45:00,17:40:00,4,14.05644,79.7648,61,408.7,1898,61,307,2026-09-06T17:45:00+05:30
12263,Pune - Hazrat Nizamuddin AC Duronto Express,Drnt,NR,PUNE,PUNE JN,NZM,DELHI H NIZAMUDDIN,VRE,VAREDIYA,PLJ,PALEJ,17:37:00,17:44:00,13,21.86891,73.05288,74,459.8,1462.8,84,212,2026-09-06T17:45:00+05:30
12269,Chennai-Hazrat Nizamuddin Duronto Express,Drnt,SR,MAS,CHENNAI CENTRAL,NZM,DELHI H NIZAMUDDIN,SRUR,SIRPUR TOWN,MKDI,MAKUDI,17:33:00,17:34:00,15,19.56824,79.47229,74,830.3,2097.8,119,270,2026-09-06T17:45:00+05:30
12279,Jhansi-H.Nizamuddin Taj Express,SF,NR,JHS,JHANSI JN,NZM,DELHI H NIZAMUDDIN,SIKD,SIKRODA KWANRI,HET,HETAMPUR,17:34:00,17:44:00,15,26.57788,77.95888,60,142.1,394.2,18,48,2026-09-06T17:45:00+05:30
12295,BANGALORE - PATLIPUTRA Sanghamitra SF Exp,SF,SWR,SBC,BANGALORE CITY JN,DNR,DANAPUR,DVR,DORAVARI CHATRAM,NYP,NAYADUPETA,17:35:00,17:35:00,16,13.87306,79.9198,44,451,2632.6,92,362,2026-09-06T17:45:00+05:30
12301,Howrah-New Delhi Rajdhani Express,Raj,ER,HWH,HOWRAH JN,NDLS,NEW DELHI,NBAE,NABAGRAM,MSAE,MASAGRAM,17:47:00,17:45:00,2,23.09918,88.06691,70,65.9,1465.7,24,218,2026-09-06T17:45:00+05:30
12302,New Delhi-Howrah Rajdhani Express,Raj,ER,NDLS,NEW DELHI,HWH,HOWRAH JN,WAIR,WAIR,CHL,CHOLA,17:47:00,17:45:00,2,28.34726,77.69927,73,65.7,1465.7,14,218,2026-09-06T17:45:00+05:30
12305,Howrah-New Delhi Rajdhani Express,Raj,ER,HWH,HOWRAH JN,NDLS,NEW DELHI,VDS,VIDYASAGAR,MNC,MADANKATA,17:06:00,17:40:00,40,24.1347,86.70136,41,258.9,1511.1,51,236,2026-09-06T17:45:00+05:30
12306,New Delhi-Howrah Rajdhani Express,Raj,ER,NDLS,NEW DELHI,HWH,HOWRAH JN,WAIR,WAIR,CHL,CHOLA,17:47:00,17:44:00,1,28.33848,77.7068,73,66.9,1511.1,14,236,2026-09-06T17:45:00+05:30
12310,New Delhi Rajendra Nagar Rajdhani Express,Raj,ECR,NDLS,NEW DELHI,RJPB,RAJENDRA NAGAR BIHAR,AJR,AJAIBPUR,DKDE,DANKAUR,17:48:00,17:44:00,2,28.46325,77.60198,80,49.7,994.1,12,142,2026-09-06T17:45:00+05:30
12329,West Bengal Sampark Kranti,SKr,ER,SDAH,KOLKATA SEALDAH,DLI,OLD DELHI,GMO,GOMOH JN,NMG,NIMIAGHAT,17:49:00,17:42:00,2,23.89277,86.12422,66,295.7,1469.9,64,219,2026-09-06T17:45:00+05:30
12368,Vikramshila Express,SF,ER,ANVT,ANAND VIHAR TRM,BGP,BHAGALPUR,DAQ,DAUD KHAN,MXK,MANDRAK,16:52:00,17:45:00,60,27.8305,78.0988,60,125.1,1197.8,21,175,2026-09-06T17:45:00+05:30
12397,Mahabodhi Express,SF,ER,GAYA,GAYA JN,NDLS,NEW DELHI,GAQ,GANJ KHAWAJA,MGS,MUGHAL SARAI JN,17:40:00,17:30:00,5,25.27815,83.11925,26,201.4,982.3,29,139,2026-09-06T17:45:00+05:30
12429,Bangalore - Hazrat Nizamuddin Rajdhani Express,Raj,NR,SBC,BANGALORE CITY JN,NZM,DELHI H NIZAMUDDIN,HTN,HATNA PUR,MTY,MULTAI,17:47:00,17:42:00,1,21.7727,78.29859,78,1376.3,2276.6,169,275,2026-09-06T17:45:00+05:30
12430,Delhi H Nizamuddin-Bangalore Rajdhani Express,Raj,NR,NZM,DELHI H NIZAMUDDIN,SBC,BANGALORE CITY JN,BG,BHONGIR,PGDP,PAGIDIPALLI,17:55:00,17:45:00,1,17.5247,78.89847,51,1540.5,2276.6,181,275,2026-09-06T17:45:00+05:30
12433,Chennai Central-Delhi H.Nizamuddin Rajdhani Expres,Raj,NR,MAS,CHENNAI CENTRAL,NZM,DELHI H NIZAMUDDIN,MAGH,MANIKGARH,BPQ,BALHARSHAH,17:51:00,17:45:00,1,19.78769,79.39853,74,857.3,2097.8,123,270,2026-09-06T17:45:00+05:30
12434,Delhi H.Nizamuddin-Chennai Central Rajdhani Expres,Raj,NR,NZM,DELHI H NIZAMUDDIN,MAS,CHENNAI CENTRAL,MTJ,MATHURA JN,BAD,BAAD,17:39:00,17:40:00,8,27.42,77.68493,81,139.8,2097.8,17,270,2026-09-06T17:45:00+05:30
12437,Secunderabad Rajdhani Express,Raj,NR,SC,SECUNDERABAD JN,NZM,DELHI H NIZAMUDDIN,MAGH,MANIKGARH,BPQ,BALHARSHAH,17:51:00,17:45:00,1,19.78769,79.39853,74,344.2,1584.7,40,187,2026-09-06T17:45:00+05:30
12438,Secunderabad Rajdhani Express,Raj,NR,NZM,DELHI H NIZAMUDDIN,SC,SECUNDERABAD JN,BAD,BAAD,FAR,FARAH,17:45:00,17:40:00,1,27.34472,77.73466,87,149.7,1584.7,18,187,2026-09-06T17:45:00+05:30
12441,Bilaspur-New Delhi Rajdhani Express,Raj,NR,BSP,BILASPUR JN,NDLS,NEW DELHI,DKS,DAREKASA,SKS,SALEKASA,17:53:00,17:44:00,1,21.27433,80.572,58,228.2,1434.8,34,182,2026-09-06T17:45:00+05:30
12442,Bilaspur Rajdhani Express,Raj,NR,NDLS,NEW DELHI,BSP,BILASPUR JN,FHT,FARAH TOWN,KXM,KITHAM,17:48:00,17:44:00,3,27.30897,77.76651,79,162,1434.8,24,182,2026-09-06T17:45:00+05:30
12453,Ranchi-New Delhi Rajdhani Express,Raj,NR,RNC,RANCHI,NDLS,NEW DELHI,JONA,Jonha,KITA,KITA,17:54:00,17:40:00,1,,,105,26.9,1300.6,5,179,2026-09-06T17:45:00+05:30
12454,New Delhi-Ranchi Rajdhani Express,Raj,NR,NDLS,NEW DELHI,RNC,RANCHI,DAR,DANWAR,SOM,SOMNA,17:23:00,17:39:00,23,28.06372,77.93901,91,105,1300.6,20,179,2026-09-06T17:45:00+05:30
12475,Hapa - Jammu Tawi Sarvodaya SF Express,SF,NR,HAPA,HAPA,JAT,JAMMU TAWI,MRN,MORWANI,RTM,RATLAM JN,17:50:00,17:44:00,2,23.28447,74.98708,77,647,1950.3,94,271,2026-09-06T17:45:00+05:30
12507,TRIVANDRUM - GUWAHATI SF Exp,SF,NER,ERN,ERNAKULAM TOWN,GHY,GUWAHATI,NZD,NUZVID,VAT,VATLUR,17:45:00,17:42:00,6,16.66479,80.98918,68,1140.6,3242.9,201,552,2026-09-06T17:45:00+05:30
12508,GUWAHATI - TRIVANDRUM SF Exp,SF,NFR,GHY,GUWAHATI,ERN,ERNAKULAM TOWN,BKRD,BHALUKA ROAD F,MFZ,MALAHAR,17:46:00,17:40:00,1,25.31481,87.94477,54,578.8,3242.7,77,552,2026-09-06T17:45:00+05:30
12557,Sapt Kranti SF Express,SF,ECR,MFP,MUZAFFARPUR JN,ANVT,ANAND VIHAR TRM,MOTG,MOTIGANJ,BRCK,BARUACHAK,17:44:00,17:41:00,5,27.11203,82.07941,40,438.5,1059.5,60,154,2026-09-06T17:45:00+05:30
12569,Jaynagar-Delhi AnandViharT Garib Rath,GR,ECR,JYG,JAYNAGAR,ANVT,ANAND VIHAR TRM,MKA,MOKAMEH JN,MOR,MOR,17:28:00,17:42:00,22,25.3983,85.90367,71,171.7,1239.5,28,183,2026-09-06T17:45:00+05:30
12588,Amarnath Express,SF,NFR,JAT,JAMMU TAWI,GKP,GORAKHPUR JN,GDK,GONDA KACHAHRI,GD,GONDA JN,17:30:00,17:35:00,7,27.15461,81.97815,139,1093.7,1243.7,159,181,2026-09-06T17:45:00+05:30
12611,Chennai Central-H.Nizamuddin Garib Rath Express,GR,SR,MAS,CHENNAI CENTRAL,NZM,DELHI H NIZAMUDDIN,VHGN,WIHIRGAON,MAGH,MANIKGARH,17:45:00,17:39:00,1,19.77874,79.40457,71,856.1,2097.8,122,270,2026-09-06T17:45:00+05:30
12621,Tamil Nadu Express,SF,SR,MAS,CHENNAI CENTRAL,NDLS,NEW DELHI,DHQ,DHARAKHOH,GDYA,GHORADONGRI,17:48:00,17:36:00,2,22.08459,77.9834,60,1269.9,2105.1,172,274,2026-09-06T17:45:00+05:30
12626,Kerala Express,SF,SR,NDLS,NEW DELHI,TVC,TRIVANDRUM CENTRAL,JHS,JHANSI JN,BJI,BIJAULI,17:41:00,17:28:00,6,25.39564,78.52781,71,407.4,2908.8,52,399,2026-09-06T17:45:00+05:30
12629,Karnataka Sampark Kranti Express,SKr,SWR,YPR,YESVANTPUR JN,NZM,DELHI H NIZAMUDDIN,HRR,HARIHAR,CLI,CHALGERI,17:59:00,17:44:00,1,14.5183,75.8075,37,325.8,2502.5,47,312,2026-09-06T17:45:00+05:30
12644,Swarna Jayanti Express,SF,SR,NZM,DELHI H NIZAMUDDIN,TVC,TRIVANDRUM CENTRAL,HBJ,HABIBGANJ,MSO,MISROD,17:29:00,17:39:00,17,23.17631,77.45539,53,689.4,2887.8,84,396,2026-09-06T17:45:00+05:30
12650,Karnataka Sampark Kranti Express,SKr,SWR,NZM,DELHI H NIZAMUDDIN,YPR,YESVANTPUR JN,ET,ITARSI JN,KRTH,KIRATGARH,17:52:00,17:45:00,2,22.60826,77.76713,52,761.4,2162.9,92,261,2026-09-06T17:45:00+05:30
12714,Satavahana Express,SF,SCR,SC,SECUNDERABAD JN,BZA,VIJAYAWADA JN,ZN,JANGAON,RGP,RAGHUNATHPALLI,17:35:00,17:40:00,15,17.7408,79.20502,67,85.1,341.6,12,43,2026-09-06T17:45:00+05:30
12723,Andhra Pradesh Express,SF,SCR,HYB,HYDERABAD DECCAN,NDLS,NEW DELHI,PAR,PANDHURNA,TEO,TEEGAON,17:41:00,17:39:00,6,21.62528,78.47658,64,668.3,1601.8,84,198,2026-09-06T17:45:00+05:30
12778,TRIVANDRUM KOCHUVELI - HUBLI SF Exp,SF,SWR,KCVL,KOCHUVELI,UBL,HUBLI JN,CWR,CHOVVARA,AFK,ANGAMALI,17:45:00,17:39:00,1,10.17645,76.37705,49,222,1323.3,44,189,2026-09-06T17:45:00+05:30
12806,Janmabhoomi Express,SF,ECoR,SC,SECUNDERABAD JN,VSKP,VISHAKAPATNAM,NRP,NARSIPATNAM RD,REG,REGUPALEM,17:47:00,17:40:00,2,17.48193,82.76108,61,600.6,667.8,92,102,2026-09-06T17:45:00+05:30
12819,Orissa Sampark Kranti Express,SKr,ECoR,BBS,BHUBANESWAR,NDLS,NEW DELHI,MZZ,MANJURI ROAD,KED,KENDUAPADA,17:44:00,17:39:00,6,21.02222,86.35452,38,119.3,1794.6,25,261,2026-09-06T17:45:00+05:30
12824,Chhattisgarh Sampark Kranti Express,SKr,SER,NZM,DELHI H NIZAMUDDIN,DURG,DURG,FDB,FARIDABAD,FDN,FARIDABAD NEW TOWN,17:46:00,17:44:00,1,28.39973,77.30802,78,21.8,1227.7,4,150,2026-09-06T17:45:00+05:30
12841,Coromandel Express,SF,SER,HWH,HOWRAH JN,MAS,CHENNAI CENTRAL,BTS,BASTA,NMBR,N MAYURBHANJ ROAD,17:43:00,17:43:00,4,21.68491,87.05125,72,201.5,1628.8,47,281,2026-09-06T17:45:00+05:30
12877,Ranchi-New Delhi Garib Rath,GR,SER,RNC,RANCHI,NDLS,NEW DELHI,JONA,Jonha,KITA,KITA,17:54:00,17:40:00,1,,,105,26.9,1300.6,5,179,2026-09-06T17:45:00+05:30
12907,Maharashtra Sampark Kranti Express,SKr,WR,BDTS,MUMBAI BANDRA TERMINUS,NZM,DELHI H NIZAMUDDIN,NSP,NALLA SOPARA,VR,VIRAR,17:47:00,17:44:00,1,19.42728,72.81753,62,41.4,1330.9,16,190,2026-09-06T17:45:00+05:30
12909,Bandra Terminus- Hazrat Nizamuddin Garib Rath,GR,WR,BDTS,MUMBAI BANDRA TERMINUS,NZM,DELHI H NIZAMUDDIN,JOS,JOGESHWARI,GMN,GOREGAON,17:13:00,17:41:00,33,19.15887,72.84932,37,10.8,1330.9,6,190,2026-09-06T17:45:00+05:30
12918,Gujarat Sampark Kranti Express,SKr,WR,NZM,DELHI H NIZAMUDDIN,ADI,AHMEDABAD JN,COO,CHHOTI ODAI,GGC,GANGAPUR CITY,17:50:00,17:43:00,2,26.53876,76.78805,84,273,1051.7,36,138,2026-09-06T17:45:00+05:30
12919,Malwa Express,SF,WR,INDB,INDORE JN BG,JAT,JAMMU TAWI,BIH,BAIRAGARH,BPL,BHOPAL JN,17:25:00,17:03:00,5,23.26688,77.41314,19,251.1,1514.8,33,207,2026-09-06T17:45:00+05:30
12941,Ahmedabad-Asansol (Weekly) SF Parasnath Express,SF,WR,ADI,AHMEDABAD JN,ASN,ASANSOL JN,BDN,BHADAN,BBL,BALRAI,17:46:00,17:42:00,2,26.94995,78.7806,108,1011,2010.9,136,273,2026-09-06T17:45:00+05:30
12951,Mumbai Central-New Delhi Rajdhani Express,Raj,WR,BCT,Mumbai Central,NDLS,NEW DELHI,UOI,UMROLI,BOR,BOISAR,17:47:00,17:44:00,1,19.76547,72.76073,74,92.9,1349.1,30,202,2026-09-06T17:45:00+05:30
12952,Mumbai Rajdhani Express,Raj,WR,NDLS,NEW DELHI,BCT,Mumbai Central,AJH,AJHAI,VRBD,VRINDABAN ROAD,17:45:00,17:40:00,1,27.56891,77.6121,110,128.5,1349.1,18,202,2026-09-06T17:45:00+05:30
12970,Jaipur-Coimbatore Express,SF,NWR,JP,JAIPUR,CBE,COIMBATORE JN,IGU,IRUGUR,SHI,SINGANALLUR,17:39:00,17:44:00,10,11.01634,77.0632,39,2572,2587.5,355,359,2026-09-06T17:45:00+05:30
12995,Bandra-Udaipur SF Express,SF,WR,BDTS,MUMBAI BANDRA TERMINUS,UDZ,UDAIPUR CITY,VGN,VANGAON,DRD,DAHANU ROAD,17:43:00,17:38:00,5,19.95871,72.74931,73,103.6,913.1,24,134,2026-09-06T17:45:00+05:30
13005,Howrah-Amritsar Mail,Mail,ER,HWH,HOWRAH JN,ASR,AMRITSAR JN,SHRM,SHARMA,AJI,ANJHI SHAHABAD,17:44:00,17:40:00,3,27.63253,79.98188,46,1171.5,1899.1,187,292,2026-09-06T17:45:00+05:30
13006,Amritsar Howrah Mail,Mail,ER,ASR,AMRITSAR JN,HWH,HOWRAH JN,VYN,VYASNAGAR,MGS,MUGHAL SARAI JN,17:55:00,17:41:00,8,25.29358,83.08006,14,1164.6,1899.1,165,292,2026-09-06T17:45:00+05:30
13010,Doon Express,Exp,ER,DDN,DEHRADUN,HWH,HOWRAH JN,MGS,MUGHAL SARAI JN,GAQ,GANJ KHAWAJA,17:45:00,17:13:00,3,25.27519,83.16483,39,912.3,1605.4,127,239,2026-09-06T17:45:00+05:30
13025,Howrah-Bhopal Express,Exp,ER,HWH,HOWRAH JN,BPL,BHOPAL JN,BZS,BANSJORA,SJA,SIJUA,17:48:00,17:45:00,2,23.78993,86.35455,30,263.3,1375.1,58,189,2026-09-06T17:45:00+05:30
13134,Varanasi- Sealdah Express,Exp,ER,BSB,VARANASI JN,SDAH,KOLKATA SEALDAH,ATL,ATHMAL GOLA,BARH,BARH,17:46:00,17:38:00,2,25.45841,85.67641,67,285.3,850.5,48,151,2026-09-06T17:45:00+05:30
13307,Ganga Sutlej Express,Exp,ECR,DHN,DHANBAD JN,FZR,FIROZPUR CANT,KH,KAHILIYA,ROZA,ROZA JN,17:48:00,17:35:00,2,27.82738,79.9574,34,997.3,1692.7,126,225,2026-09-06T17:45:00+05:30
13352-Slip,Alappuzha Dhanbad Tatanagar Express Slip,Exp,ECR,ALLP,ALLEPPEY,TATA,TATANAGAR JN,VGM,VINNAMANGALAM,AB,AMBUR,17:39:00,17:39:00,7,12.77521,78.71519,65,549.7,2292.8,89,357,2026-09-06T17:45:00+05:30
13465,InterCity Express,Exp,ER,HWH,HOWRAH JN,MLDT,MALDA TOWN,PTAE,PATULI,AGAE,AGRADWIP,17:44:00,17:39:00,2,23.57619,88.22977,39,126.9,359.6,40,84,2026-09-06T17:45:00+05:30
14005,Lichhavi Express,Exp,NR,SMI,SITAMARHI JN,ANVT,ANAND VIHAR TRM,HDK,HANDIA KHAS,SDC,SAIDABAD,17:50:00,17:40:00,3,25.3658,82.16279,34,631.8,1286.7,100,191,2026-09-06T17:45:00+05:30
14020,Delhi SR Chhindwara Kanhan Valley Express,Exp,NR,DEE,DELHI SARAI ROHILLA,CWA,Chhindwara Junction,NUB,NURABAD,BAO,BANMOR,17:41:00,17:43:00,7,26.38585,78.08643,72,298.6,1000.8,48,132,2026-09-06T17:45:00+05:30
14034,Jammu Mail,Mail,NR,UHP,UDHAMPUR,DLI,OLD DELHI,BDHY,BUDHI,KTHU,KATHUA,17:53:00,17:44:00,7,32.43777,75.44037,45,108.6,637.7,14,96,2026-09-06T17:45:00+05:30
14659,Delhi-Jaisalmer Express,Exp,NR,DLI,OLD DELHI,JSM,JAISALMER,DSB,DELHI SADAR BAZAR,DKZ,DELHI KISHANGANJ,17:43:00,17:41:00,6,28.66169,77.20905,12,2,894.6,2,114,2026-09-06T17:45:00+05:30
14707,BIKANER - MUMBAI BANDRA Ranakpur Exp,Exp,NWR,BKN,BIKANER JN,BDTS,MUMBAI BANDRA TERMINUS,BGG,BANTA RAGHUNATHGARH,BWA,BHINWALIYA,17:39:00,17:40:00,8,25.5717,73.50245,50,390.3,1199,41,183,2026-09-06T17:45:00+05:30
14854,Marudhar Express,Exp,NWR,JU,JODHPUR JN,BSB,VARANASI JN,BUDA,BHUDA,MURD,MANDAWAR MAHUA RD,17:47:00,17:45:00,2,27.12899,76.81454,70,430.1,1231.6,57,164,2026-09-06T17:45:00+05:30
15022,Bhojpuri Express,Exp,NER,GKP,GORAKHPUR JN,SHM,KOLKATA SHALIMAR,RJI,RAJAWARI,KDQ,KADIPUR,17:42:00,17:35:00,7,25.46271,83.10258,29,206.5,1064.6,28,152,2026-09-06T17:45:00+05:30
15051,Poorvanchal Express,Exp,NER,KOAA,KOLKATA CHITPUR,GKP,GORAKHPUR JN,MNAE,MANKAR,PAN,PANAGARH,17:30:00,17:45:00,23,23.42037,87.55582,91,221.6,927.5,40,139,2026-09-06T17:45:00+05:30
15160,Sarnath Express,Exp,NER,DURG,DURG,CPR,CHHAPRA,SAHR,SAHERI,AKS,ANKUSPUR,17:45:00,17:44:00,4,25.56155,83.45809,56,900,1038,117,140,2026-09-06T17:45:00+05:30
15717,Guwahati Mariani Intercity Express,Exp,NFR,GHY,GUWAHATI,MXN,MARIANI JN,RXR,RANGAPAHAR,RXRX,RANGAPAHAR CRS,17:48:00,17:43:00,2,25.85876,93.70988,14,231.2,371.4,32,50,2026-09-06T17:45:00+05:30
15905,KANNIYAKUMARI - DIBRUGARH Vivek Exp,Exp,NFR,CAPE,KANYAKUMARI,DBRG,DIBRUGARH,KFI,KAPPIL,PVU,PARAVUR,17:26:00,17:41:00,22,8.80019,76.67312,36,129.5,4027.1,29,596,2026-09-06T17:45:00+05:30
15906,DIBRUGARH - KANNIYAKUMARI Vivek Exp,Exp,NFR,DBRG,DIBRUGARH,CAPE,KANYAKUMARI,KAMG,KAMAKHYAGURI,APDJ,ALIPUR DUAR JN,17:45:00,17:31:00,9,26.50797,89.60753,50,805.1,4027,101,596,2026-09-06T17:45:00+05:30
16058,Saptagiri Express,Exp,SR,TPTY,TIRUPATI MAIN,MAS,CHENNAI CENTRAL,TPTY,TIRUPATI MAIN,RU,RENIGUNTA JN,17:40:00,17:22:00,2,13.63626,79.50629,28,9.5,142.8,1,40,2026-09-06T17:45:00+05:30
16307,Executive Express,Exp,SR,ALLP,ALLEPPEY,CAN,KANNUR,PUK,PUDUKAD,OLR,THRISSUR OLLUR HALT,17:49:00,17:40:00,2,10.43812,76.25287,43,114.4,323.6,26,68,2026-09-06T17:45:00+05:30
16334,TRIVANDRUM - VERAVAL Exp,Exp,SR,TVC,TRIVANDRUM CENTRAL,VRL,VERAVAL,TRVL,TIRUVALLA,CGY,CHANGANASERI,17:42:00,17:43:00,20,9.39215,76.58027,26,125.8,2286,28,322,2026-09-06T17:45:00+05:30
16352,NAGERCOIL - MUMBAI CST Balaji Exp,Exp,SR,NCJ,NAGERCOIL JN,CSTM,MUMBAI CST,CGL,CHENGALPATTU,RDY,REDIPALAYAM,17:43:00,17:41:00,8,12.70389,79.97293,46,648.4,1880.4,90,272,2026-09-06T17:45:00+05:30
16590,Rani Chennamma Express,Exp,SWR,KOP,C SHAHU M RAJ KOLHAPUR TERM,SBC,BANGALORE CITY JN,PCH,PACHHAPUR,SUL,SULADHAL,17:49:00,17:35:00,2,16.04091,74.67558,44,146.7,755.5,19,102,2026-09-06T17:45:00+05:30
17016,Visakha Express,Exp,SCR,SC,SECUNDERABAD JN,BBS,BHUBANESWAR,NRDP,NAGIREDDIPALLI,VLG,VANIGONDA,17:51:00,17:44:00,1,17.41531,78.94855,72,50.4,1098.2,7,165,2026-09-06T17:45:00+05:30
17226,Amaravati Express,Exp,SCR,UBL,HUBLI JN,BZA,VIJAYAWADA JN,MLGT,MALLAPPA GATE,MKR,MADDIKERA,17:39:00,17:43:00,9,15.23767,77.39689,53,255.7,661.6,34,81,2026-09-06T17:45:00+05:30
17604,Prashanti Nilayam Express,Exp,SCR,YPR,YESVANTPUR JN,KCG,KACHEGUDA,YNK,YELHANKA JN,RNN,RAJANKUNTI,16:43:00,17:38:00,65,13.14739,77.57547,64,15.3,626,4,80,2026-09-06T17:45:00+05:30
18106,Bhubaneswar-Rourkela InterCity,Exp,SER,BBS,BHUBANESWAR,ROU,ROURKELA,CHAR,CHARMAL,JUJA,JUJUMURA,17:33:00,17:36:00,22,21.16358,84.17135,55,223.8,405.9,30,53,2026-09-06T17:45:00+05:30
18207,Durg Jaipur Express,Exp,SECR,DURG,DURG,JP,JAIPUR,DBEC,DEVBALODA CHARODA,KMI,KUMHARI,16:35:00,17:44:00,78,21.21673,81.45777,51,17.6,1234.4,5,138,2026-09-06T17:45:00+05:30
18412,Visakhapatnam-Bhubaneswar Inter City Express,Exp,ECoR,VSKP,VISHAKAPATNAM,BBS,BHUBANESWAR,KBM,KOTABOMMALI,DGB,DINDU GOPALA PURAM HALT,17:46:00,17:40:00,3,18.51567,84.2208,56,162.4,430.7,22,63,2026-09-06T17:45:00+05:30
18463,Prasanti Express,Exp,ECoR,BBS,BHUBANESWAR,SBC,BANGALORE CITY JN,PRH,POWERPET,VAT,VATLUR,17:46:00,17:42:00,8,16.70852,81.09107,35,719.2,1489.7,113,203,2026-09-06T17:45:00+05:30
18604,Bhagalpur Ranchi Express,Exp,SER,BGP,BHAGALPUR,RNC,RANCHI,BGP,BHAGALPUR,NAT,NATHNAGAR,16:59:00,18:04:00,69,25.24191,86.97679,63,0,488.5,1,73,2026-09-06T17:45:00+05:30
19119,Ahmedabad Somnath Intercity Express,Exp,WR,ADI,AHMEDABAD JN,VRL,VERAVAL,NUD,NAVAGADH,JLR,JETALSAR JN,17:12:00,17:26:00,41,21.74013,70.58708,14,310.7,417.8,43,56,2026-09-06T17:45:00+05:30
19314,Patna Indore Express,Exp,WR,RJPB,RAJENDRA NAGAR BIHAR,INDB,INDORE JN BG,HRPG,HARPALGANJ,KEPR,KOIRIPUR,17:30:00,17:37:00,17,26.00683,82.35276,63,329,1327.2,50,175,2026-09-06T17:45:00+05:30
19601,Ajmer New Jalpaiguri Weekly Express,Exp,NWR,AII,AJMER JN,NJP,NEW JALPAIGURI,AMRO,AMROHA,KIV,KAIALSA,17:43:00,17:39:00,3,28.88203,78.54825,73,588.2,1947.8,86,283,2026-09-06T17:45:00+05:30
52326,Saharsa-Forbesganj Passenger,Pass,?,SHC,SAHARSA JN,FBG,FORBESGANJ,TB,Tharbitia,SRGR,Saraygarh,16:36:00,17:36:00,103,,,,39.5,103.8,6,11,2026-09-06T17:45:00+05:30
54815,Jodhpur Barmer Passenger,Pass,NWR,JU,JODHPUR JN,BME,BARMER,JNE,JANIYANA,BLT,BALOTRA JN,17:41:00,17:33:00,3,25.83007,72.24868,58,111.4,204.5,14,24,2026-09-06T17:45:00+05:30
57475,Tirupati Guntakal Passenger,Pass,SCR,TPTY,TIRUPATI MAIN,GTL,GUNTAKAL JN,ZPL,ZANGALAPALLE,ATP,ANANTAPUR,16:59:00,17:33:00,49,14.6662,77.60507,50,285.6,352.2,28,35,2026-09-06T17:45:00+05:30
